{
  "simulationId": "yrethia-market-simulation-v1",
  "seeds": 250,
  "cycles": 60,
  "scenarioStrategySummary": {
    "baseline": {
      "equal_equities": {"median":0.033644753055327645,"mean":0.03392683132247195,"p05":-0.03391983693247587,"p95":0.10955887977405486,"lossProbability":0.244},
      "maritime_core": {"median":0.02764060693121899,"mean":0.030913370144459842,"p05":-0.04571940135042201,"p95":0.1235062675497999,"lossProbability":0.292},
      "resilience_mix": {"median":0.03033127558563759,"mean":0.02883984352162168,"p05":-0.03644973525189715,"p95":0.09299550166204563,"lossProbability":0.236},
      "diversified": {"median":0.0247471209648709,"mean":0.02889116975205928,"p05":-0.035926428706581935,"p95":0.10293103248848039,"lossProbability":0.256}
    },
    "trade_boom": {
      "equal_equities": {"median":0.05483433307426969,"mean":0.05632706373659538,"p05":-0.011836514156316437,"p95":0.12453957308179585,"lossProbability":0.092},
      "maritime_core": {"median":0.06134400303740631,"mean":0.06611939555745783,"p05":-0.014237187786011709,"p95":0.15705846605746837,"lossProbability":0.1},
      "resilience_mix": {"median":0.053707163317785175,"mean":0.05259463308760782,"p05":-0.0030700304768316923,"p95":0.11859065002598004,"lossProbability":0.068},
      "diversified": {"median":0.054278407194036836,"mean":0.05410722911163808,"p05":-0.010141665884142028,"p95":0.11389200526932464,"lossProbability":0.1}
    },
    "fuel_and_rate_shock": {
      "equal_equities": {"median":-0.04066441334947769,"mean":-0.04134299885840777,"p05":-0.105949197524703,"p95":0.017724959014820806,"lossProbability":0.864},
      "maritime_core": {"median":-0.03879846056126948,"mean":-0.042380474750993956,"p05":-0.12372832800830875,"p95":0.02922240012614967,"lossProbability":0.832},
      "resilience_mix": {"median":-0.047147432239868246,"mean":-0.04707926397184509,"p05":-0.10375913843837829,"p95":0.004802054029968422,"lossProbability":0.916},
      "diversified": {"median":-0.05319967338553272,"mean":-0.04837961506849272,"p05":-0.1086354676638668,"p95":0.014441854569353213,"lossProbability":0.888}
    },
    "customs_cyber_incident": {
      "equal_equities": {"median":-0.021360845748852463,"mean":-0.01834412859563589,"p05":-0.08049606189792112,"p95":0.057869094267350235,"lossProbability":0.68},
      "maritime_core": {"median":-0.01912500314816043,"mean":-0.016870156925713222,"p05":-0.09831261413336594,"p95":0.05936633607522813,"lossProbability":0.644},
      "resilience_mix": {"median":-0.02234616546299765,"mean":-0.02220335179645806,"p05":-0.09041831456140896,"p95":0.041336449892232036,"lossProbability":0.72},
      "diversified": {"median":-0.03466054729736659,"mean":-0.034249706316637804,"p05":-0.09401841673765395,"p95":0.0328135556566368,"lossProbability":0.828}
    },
    "meridian_disruption": {
      "equal_equities": {"median":-0.04789014582646803,"mean":-0.044323082863634934,"p05":-0.1104095652187517,"p95":0.022435812986722342,"lossProbability":0.852},
      "maritime_core": {"median":-0.04899213129650777,"mean":-0.042821912023426695,"p05":-0.12283799098542078,"p95":0.040172717002433335,"lossProbability":0.784},
      "resilience_mix": {"median":-0.04896291250908645,"mean":-0.04755029579671658,"p05":-0.11047585494887603,"p95":0.010425892450299588,"lossProbability":0.888},
      "diversified": {"median":-0.05709919389402862,"mean":-0.057048215908380516,"p05":-0.12298584756557247,"p95":0.004770453957698497,"lossProbability":0.92}
    },
    "war_blockade": {
      "equal_equities": {"median":-0.08777756383818677,"mean":-0.08554138000809858,"p05":-0.13906083686620835,"p95":-0.024936455156736325,"lossProbability":0.984},
      "maritime_core": {"median":-0.08973227520248048,"mean":-0.08681788138237576,"p05":-0.16634755792733372,"p95":-0.00016609439788403224,"lossProbability":0.948},
      "resilience_mix": {"median":-0.0960522575328681,"mean":-0.09488532288537944,"p05":-0.15081064273990735,"p95":-0.03313681128099644,"lossProbability":1.0},
      "diversified": {"median":-0.1105356229110338,"mean":-0.10992306892241557,"p05":-0.1671536988189008,"p95":-0.0507868066442919,"lossProbability":0.996}
    },
    "recovery": {
      "equal_equities": {"median":0.05969353713570377,"mean":0.05645715607190704,"p05":-0.01131666909790554,"p95":0.11956549722305701,"lossProbability":0.088},
      "maritime_core": {"median":0.06800626924035487,"mean":0.06597518497919123,"p05":-0.024367692284818603,"p95":0.1409481899825973,"lossProbability":0.1},
      "resilience_mix": {"median":0.055296970140947074,"mean":0.05582182780488314,"p05":-0.005757898692929359,"p95":0.12377694034740196,"lossProbability":0.068},
      "diversified": {"median":0.058148168634235824,"mean":0.06367840574599586,"p05":-0.00623027404820469,"p95":0.1330871265566105,"lossProbability":0.08}
    }
  },
  "integrity": {"nonFiniteCount":0,"guaranteedPositiveInstrumentCases":0,"guaranteedPositivePortfolioCases":0}
}
