{
  "simulationId":"thaloris-market-simulation-v1","seeds":250,"cycles":60,"instrumentCount":22,
  "scenarioStrategySummary":{
    "baseline":{"equal_equities":{"median":0.028786105749305246,"mean":0.03137788109101691,"p05":-0.0518460677909348,"p95":0.13094617233589465,"lossProbability":0.308},"repair_trade_core":{"median":0.027117307804251346,"mean":0.027686626488123353,"p05":-0.08405455283183952,"p95":0.1607041828123608,"lossProbability":0.368},"legitimacy_mix":{"median":0.026886859421573893,"mean":0.029067415056132143,"p05":-0.05082891379000029,"p95":0.11201681558459828,"lossProbability":0.28},"diversified":{"median":0.021986769490975486,"mean":0.025806759255658274,"p05":-0.06609155259900538,"p95":0.12204319069886503,"lossProbability":0.328}},
    "informal_trade_boom":{"equal_equities":{"median":0.055390662237566224,"mean":0.0567956835036921,"p05":-0.021077093856770136,"p95":0.14290770182115883,"lossProbability":0.12},"repair_trade_core":{"median":0.06380037226885771,"mean":0.06753427790467358,"p05":-0.04901549177067428,"p95":0.1952305055418127,"lossProbability":0.208},"legitimacy_mix":{"median":0.04744935971643124,"mean":0.044893229339262354,"p05":-0.03084809358540204,"p95":0.1180794874674246,"lossProbability":0.176},"diversified":{"median":0.04037540602661935,"mean":0.044230199198959194,"p05":-0.045072432904898325,"p95":0.14750698656204858,"lossProbability":0.204}},
    "legitimacy_crackdown":{"equal_equities":{"median":-0.02614298548686156,"mean":-0.02212090077216915,"p05":-0.10243492734610413,"p95":0.05642364301045285,"lossProbability":0.704},"repair_trade_core":{"median":-0.02431251075334242,"mean":-0.021555440137196263,"p05":-0.12384228530795266,"p95":0.07410962425377927,"lossProbability":0.62},"legitimacy_mix":{"median":-0.017837857071765682,"mean":-0.015069949001318746,"p05":-0.08904956843876262,"p95":0.060219747464513244,"lossProbability":0.624},"diversified":{"median":-0.02425054064899482,"mean":-0.022062142442018623,"p05":-0.09807712722974962,"p95":0.07177688221070053,"lossProbability":0.692}},
    "meridian_disruption":{"equal_equities":{"median":-0.02738552844509083,"mean":-0.023626730757641663,"p05":-0.10572628039506062,"p95":0.054976157450197106,"lossProbability":0.712},"repair_trade_core":{"median":-0.011214416485576808,"mean":-0.00691998559323639,"p05":-0.1113525087905395,"p95":0.09981532265005959,"lossProbability":0.58},"legitimacy_mix":{"median":-0.036131423925310435,"mean":-0.03784780141376823,"p05":-0.10809993185910198,"p95":0.024763307645668847,"lossProbability":0.808},"diversified":{"median":-0.04444753719607461,"mean":-0.04047956747627762,"p05":-0.13090139128452585,"p95":0.050163017268461355,"lossProbability":0.788}},
    "war_repair_demand":{"equal_equities":{"median":-0.023781225259967426,"mean":-0.02599804288339097,"p05":-0.11351624104753004,"p95":0.0546995522437738,"lossProbability":0.708},"repair_trade_core":{"median":-0.0008993857714585808,"mean":-0.0018410537088902636,"p05":-0.1166077959811167,"p95":0.10382699495087316,"lossProbability":0.504},"legitimacy_mix":{"median":-0.054375795662047505,"mean":-0.052377206756563,"p05":-0.12196872921186014,"p95":0.01762684876852653,"lossProbability":0.896},"diversified":{"median":-0.05828672152225026,"mean":-0.05403241655655792,"p05":-0.12387849588222899,"p95":0.03357336514233972,"lossProbability":0.844}},
    "market_confidence_crisis":{"equal_equities":{"median":-0.043441705450897025,"mean":-0.04519035354515134,"p05":-0.11672892519243103,"p95":0.03433535431629116,"lossProbability":0.852},"repair_trade_core":{"median":-0.027655746651036872,"mean":-0.02740234373518015,"p05":-0.1264340299012922,"p95":0.0850741357887508,"lossProbability":0.672},"legitimacy_mix":{"median":-0.07687092965015346,"mean":-0.07545027926697209,"p05":-0.13781479228623705,"p95":-0.008385074658134303,"lossProbability":0.96},"diversified":{"median":-0.07924926139748031,"mean":-0.07660009406765224,"p05":-0.15405320741764272,"p95":-0.0011496905475041033,"lossProbability":0.948}},
    "recovery":{"equal_equities":{"median":0.05465503052175921,"mean":0.05024109251592557,"p05":-0.029733485299565623,"p95":0.12563376560450512,"lossProbability":0.152},"repair_trade_core":{"median":0.04630282499596727,"mean":0.04468863051935329,"p05":-0.08308679671998691,"p95":0.153725798481804,"lossProbability":0.224},"legitimacy_mix":{"median":0.052663697920995636,"mean":0.05809060062555097,"p05":-0.012768966406869146,"p95":0.1366318067554734,"lossProbability":0.084},"diversified":{"median":0.04949557414004706,"mean":0.05658310189604231,"p05":-0.03586989759373575,"p95":0.15740320643564318,"lossProbability":0.144}}
  },
  "integrity":{"nonFiniteCount":0,"guaranteedPositiveInstrumentCases":0,"guaranteedPositivePortfolioCases":0}
}
