{
  "simulationId": "solvend-market-simulation-v1",
  "seeds": 250,
  "cycles": 60,
  "instrumentCount": 22,
  "scenarioCount": 8,
  "strategyCount": 5,
  "scenarioStrategySummary": {
    "baseline": {
      "equal_equities": {"median": 0.03594538916359864,"mean": 0.037092657151915606,"p05": -0.05377320163924171,"p95": 0.14269217229071615,"lossProbability": 0.296},
      "technology_concentration": {"median": 0.026610113228071566,"mean": 0.034596949677349234,"p05": -0.09053997684685755,"p95": 0.17456077616717752,"lossProbability": 0.36},
      "strategic_industrial": {"median": 0.019939826838466585,"mean": 0.03029396398993587,"p05": -0.07770153140523012,"p95": 0.15853668645199184,"lossProbability": 0.336},
      "resilience_mix": {"median": 0.030592623227548757,"mean": 0.03096994477504894,"p05": -0.03772952641042856,"p95": 0.11286013895722648,"lossProbability": 0.296},
      "diversified": {"median": 0.029357338411304355,"mean": 0.03176769233482953,"p05": -0.06350929417981976,"p95": 0.13681462468871275,"lossProbability": 0.312}
    },
    "technology_boom": {
      "equal_equities": {"median": 0.06331297720448065,"mean": 0.06579519154377883,"p05": -0.02552146125213762,"p95": 0.15531072553864284,"lossProbability": 0.1},
      "technology_concentration": {"median": 0.0754476719900522,"mean": 0.08145007641211344,"p05": -0.049585497782534835,"p95": 0.23914197244342586,"lossProbability": 0.188},
      "strategic_industrial": {"median": 0.048215039973813795,"mean": 0.046821937418206144,"p05": -0.05923823968798853,"p95": 0.14988723065120452,"lossProbability": 0.212},
      "resilience_mix": {"median": 0.057287843868884664,"mean": 0.05593264136717045,"p05": -0.02348991039403629,"p95": 0.12995277068224842,"lossProbability": 0.14},
      "diversified": {"median": 0.055521330051401585,"mean": 0.0616748428681504,"p05": -0.032507386456157215,"p95": 0.17807597446045528,"lossProbability": 0.172}
    },
    "rate_shock": {
      "equal_equities": {"median": -0.03893635819610235,"mean": -0.03665720596387772,"p05": -0.11123796210832058,"p95": 0.039866452802218746,"lossProbability": 0.764},
      "technology_concentration": {"median": -0.0417162987291749,"mean": -0.039990874443438316,"p05": -0.15647413815729314,"p95": 0.07247034955050662,"lossProbability": 0.728},
      "strategic_industrial": {"median": -0.03895788004113787,"mean": -0.04110024505360233,"p05": -0.1372006408510934,"p95": 0.0549385379664822,"lossProbability": 0.712},
      "resilience_mix": {"median": -0.04027741657761964,"mean": -0.0401174680403748,"p05": -0.10378774833841772,"p95": 0.02667062755090919,"lossProbability": 0.848},
      "diversified": {"median": -0.043087503894408505,"mean": -0.040079987037582955,"p05": -0.12717059709913808,"p95": 0.05363332953598862,"lossProbability": 0.772}
    },
    "cyber_disruption": {
      "equal_equities": {"median": -0.05504818496085903,"mean": -0.0569582468421659,"p05": -0.1423635761888741,"p95": 0.02506226021094918,"lossProbability": 0.872},
      "technology_concentration": {"median": -0.07501882535036922,"mean": -0.0727473885041679,"p05": -0.19207000507761812,"p95": 0.05902332403219587,"lossProbability": 0.864},
      "strategic_industrial": {"median": -0.04566001032708375,"mean": -0.04277110436794404,"p05": -0.14355745161161407,"p95": 0.060831143740471584,"lossProbability": 0.772},
      "resilience_mix": {"median": -0.06481750335272357,"mean": -0.06460740588435343,"p05": -0.1304060433239138,"p95": 0.00126620399396871,"lossProbability": 0.94},
      "diversified": {"median": -0.07214263480107044,"mean": -0.06567081309441931,"p05": -0.1503466300652864,"p95": 0.027255860266100555,"lossProbability": 0.884}
    },
    "meridian_disruption": {
      "equal_equities": {"median": -0.07005792857008322,"mean": -0.06553111735148447,"p05": -0.1506826700823327,"p95": 0.019063162372627875,"lossProbability": 0.88},
      "technology_concentration": {"median": -0.07413820975685084,"mean": -0.07528799865257396,"p05": -0.19244441800599857,"p95": 0.05619902278486567,"lossProbability": 0.828},
      "strategic_industrial": {"median": -0.07363360450737097,"mean": -0.07153089655367752,"p05": -0.16219098231300794,"p95": 0.02930495660289646,"lossProbability": 0.88},
      "resilience_mix": {"median": -0.06891458996517996,"mean": -0.07192413408011887,"p05": -0.1452539521210642,"p95": -0.010359233635428962,"lossProbability": 0.952},
      "diversified": {"median": -0.0719133627365939,"mean": -0.06990003291977877,"p05": -0.1609488993953882,"p95": 0.024902800837360208,"lossProbability": 0.908}
    },
    "strategic_wartime_demand": {
      "equal_equities": {"median": -0.03909409017958522,"mean": -0.03657640901730556,"p05": -0.12054487897651431,"p95": 0.05414885440215016,"lossProbability": 0.756},
      "technology_concentration": {"median": -0.05692768203935865,"mean": -0.051279793671950145,"p05": -0.1743942868194764,"p95": 0.0869927141868733,"lossProbability": 0.756},
      "strategic_industrial": {"median": -0.022610051187890855,"mean": -0.022744074412031263,"p05": -0.12919713604341426,"p95": 0.07585603749036533,"lossProbability": 0.648},
      "resilience_mix": {"median": -0.05905409179649847,"mean": -0.05793713117667131,"p05": -0.12367896062293697,"p95": 0.00847476946013635,"lossProbability": 0.924},
      "diversified": {"median": -0.05752299124940702,"mean": -0.05682506156387248,"p05": -0.14116370823748903,"p95": 0.03276676822022932,"lossProbability": 0.86}
    },
    "confidence_crisis": {
      "equal_equities": {"median": -0.07793286735046562,"mean": -0.07500110161911003,"p05": -0.15263645623664027,"p95": 0.0014803570509788555,"lossProbability": 0.94},
      "technology_concentration": {"median": -0.10027605781567787,"mean": -0.09572635596852017,"p05": -0.20628053451172004,"p95": 0.034442385315623755,"lossProbability": 0.9},
      "strategic_industrial": {"median": -0.06726173875051711,"mean": -0.06026555768294007,"p05": -0.16121203359785688,"p95": 0.04591229160788765,"lossProbability": 0.82},
      "resilience_mix": {"median": -0.0888470125167372,"mean": -0.08885225687215124,"p05": -0.16045584061215448,"p95": -0.01844386191259895,"lossProbability": 0.968},
      "diversified": {"median": -0.09887880171843166,"mean": -0.09108756495134605,"p05": -0.16966030519803488,"p95": -0.0018483141012703708,"lossProbability": 0.948}
    },
    "recovery": {
      "equal_equities": {"median": 0.08792253846074909,"mean": 0.08637021503481841,"p05": -0.0031292049425595825,"p95": 0.1685773458856573,"lossProbability": 0.072},
      "technology_concentration": {"median": 0.08824639426829758,"mean": 0.09345527289988123,"p05": -0.047198230534910124,"p95": 0.23860881176535542,"lossProbability": 0.144},
      "strategic_industrial": {"median": 0.07253731341125652,"mean": 0.07997891198892428,"p05": -0.02767879291811465,"p95": 0.19992367043321282,"lossProbability": 0.108},
      "resilience_mix": {"median": 0.08266138874038767,"mean": 0.08551321905315064,"p05": 0.0077892281613934095,"p95": 0.17365201342088243,"lossProbability": 0.024},
      "diversified": {"median": 0.08439942706804582,"mean": 0.08827077438505275,"p05": -0.020667782071523713,"p95": 0.20097435133545902,"lossProbability": 0.084}
    }
  },
  "integrity": {"nonFiniteCount": 0,"guaranteedPositiveInstrumentCases": 0,"guaranteedPositivePortfolioCases": 0}
}
